year,wk_81_cpue,wk_82_cpue,wk_83_cpue,wk_84_cpue,wk_91_cpue,wk_92_cpue,wks_83-84_cpue,wks_84-91_cpue,wk_83_cum_cpue,wk_84_cum_cpue,wk_91_cum_cpue,wk_92_cum_cpue,Somass_term_adult_return,Somass_term_return,areaF_est_catch_DNA,Somass_a2,Somass_a3,Somass_a4,Somass_a5,Somass_a6,Somass_a4_a5,areaF_JunJul_catch,areaF_JunJul_cpue,a4_a5_a6_return,SEAK_a2,SEAK_a3,SEAK_a4,SEAK_a5,SEAK_a6
1995,,,,,,,,,,,,,37099,39981,,2882,729,9293,27077,0,36370,36370,,,0,0,1848.49692,5039.53127,210.83104
1996,,,,,,,,,,,,,27818,30443,,2625,24663,556,2599,0,3155,3155,,,0,877.7917,0,226.04102,0
1997,,,,,,,,,,,,,52324,53499,,1175,29641,22085,598,0,22683,22683,,,0,981.27475,4684.53762,0,0
1998,,,,,,,,,,,,,70115,70501,,386,2394,63470,4251,0,67721,67721,,,0,344.11621,11307.23698,472.16825,0
1999,,,,,,,,,,,,,30330,30533,,203,2155,7005,21170,0,28175,28175,,,0,0,523.66354,1601.44469,0
2000,1.535714286,1.130434783,0.5,0.303030303,0.037735849,1.714285714,0.341463415,0.210526316,0.5,0.341463415,0.25,0.306010929,6441,9412,,2971,988,3041,2412,0,5453,5453,,,0,0,91.73737,113.3223,0
2001,0.019607843,0.066666667,0.191489362,0,0,0,0.1,0,0.191489362,0.1,0.06,0.055555556,40574,45186,,4612,35874,3388,1312,0,4700,4700,,,0,785.43277,36.53307,2.66182,0
2002,0.463768116,0.639534884,1.00990099,0.813888889,0.73255814,0.444444444,0.884341637,0.798206278,1.00990099,0.884341637,0.864197531,0.852852853,80862,83261,6811,2399,27805,52857,200,0,53057,53057,,,0,1083.93271,7088.9544,0,0
2003,0.712651894,0.844298246,1.024616482,1.451826196,1.148495313,0.962703963,1.251547081,1.333653661,1.024616482,1.251547081,1.225455908,1.200022563,92236,98721,7637,6485,25627,56928,9681,0,66609,66609,3951,2.94,0,1004.74029,12020.47978,1233.82908,0
2004,0.588235294,1.070351759,1.475471698,2.173469388,1.891812865,0.875,1.842576029,2.022012579,1.475471698,1.842576029,1.861265261,1.795854922,140071,143063,10065,2992,73407,36015,30649,0,66664,66664,7297,3.22,0,3378.64623,7808.93543,8048.9798,71.50337
2005,0.775,0.816326531,1.378151261,1.487179487,0.969849246,0.652542373,1.43220339,1.161392405,1.378151261,1.43220339,1.220689655,1.099457505,99068,106025,8125,6957,18320,71897,8851,0,80748,80748,5266,1.74,0,197.68994,11312.65553,2555.59976,587.00392
2006,1.169014085,0.806818182,1.288732394,1.626086957,1.402097902,0.85,1.439688716,1.466334165,1.288732394,1.439688716,1.419889503,1.34670947,127058,127891,6187,833,60334,47305,19419,0,66724,66724,4504,1.33,0,3119.60447,4751.20567,3022.3456,0
2007,0.769230769,0.806451613,1.128712871,1.102564103,0.822580645,0.423076923,1.117318436,0.978571429,1.128712871,1.117318436,1.041493776,0.981273408,77004,79636,8049,2632,3144,68727,5133,0,73860,73860,4935,2.31,0,143.94123,11236.58986,1053.06165,0
2008,0.852941176,0.740740741,0.857142857,0.958333333,0.748815166,0.2,0.909747292,0.833802817,0.857142857,0.909747292,0.840163934,0.827309237,57943,59343,1602,1400,27799,13074,17070,0,30144,30144,1170,0.4,0,1674.28439,469.4601,2169.41666,0
2009,1.744186047,1.563636364,1.191489362,0.804878049,0.487394958,0.2,1.011363636,0.616915423,1.191489362,1.011363636,0.8,0.79,42532,47597,2685,5065,12820,27489,2223,0,29712,29712,2346,0.67,0,60.66727,4227.31883,73.36239,0
2010,1.466666667,0.583333333,0.722222222,1.32,0.5,#DIV/0!,1.069767442,0.918367347,0.722222222,1.069767442,0.865671642,0.865671642,42099,43388,3361,1289,30064,10266,1769,0,12035,12035,2947,0.79,0,439.8474,1214.40663,327.21454,0
2011,0.777777778,1.038461538,1,1.489361702,1.9,0.833333333,1.315068493,1.649350649,1,1.315068493,1.485436893,1.417391304,74218,74776,5318,558,8227,63463,2528,0,65991,65991,5117,,0,51.73419,8026.6334,302.16847,0
2012,0.8,1.066666667,0.323529412,0.285714286,0.1875,0,0.309090909,0.243243243,0.323529412,0.309090909,0.281690141,0.266666667,37124,39280,2905,2156,2851,17173,17100,0,34273,34273,2351,0.64,0,0,1392.0849,2966.93146,0
2013,0.219512195,0.243902439,0.216216216,0.568181818,0.291666667,0.142857143,0.407407407,0.470588235,0.216216216,0.407407407,0.380952381,0.366071429,31720,32182,2897,462,17865,8136,5719,0,13855,13855,2897,1.88,0,311.60584,531.83185,526.20757,0
2014,0.352941176,0.571428571,0.558823529,0.545454545,0.5,0.090909091,0.555555556,0.523809524,0.558823529,0.555555556,0.545454545,0.46969697,26243,33266,6562,7023,3799,21161,1283,0,22444,22444,5914,1.69,0,139.02822,4032.09336,72.64023,0
2015,0.666666667,0.469135802,1.193181818,1.058823529,0.923076923,1.128205128,1.134615385,0.98630137,1.193181818,1.134615385,1.064102564,1.073260073,71735,73645,1129,1910,64312,6258,1158,7,7416,7423,1051,0.76,0,533.44736,468.06273,522.4681,0
2016,0.703703704,0.534482759,1.152542373,0.829787234,1.1,0.157894737,1.009433962,0.910447761,1.152542373,1.009433962,1.023809524,0.910344828,71294,78860,3828,7566,25380,45547,367,0,45914,45914,2617,0.83,0,1055.67998,7527.56525,80.91478,37.821
2017,0.625,0.814814815,0.982142857,1.19047619,1.166666667,0.833333333,1.038961039,1.176470588,0.982142857,1.038961039,1.074766355,1.061946903,79299,88908,3536,9609,32932,33991,12347,29,46338,46367,,,0,150.8857,4411.3802,1709.66965,0
2018,0.517241379,0.864864865,0.977777778,1.189189189,1,1.25,1.073170732,1.170731707,0.977777778,1.073170732,1.069767442,1.077777778,98231,99813,,1582,68148,26886,3155,42,30041,30083,,,0,1459.39161,2098.64643,428.13394,52.57341
2019,0.615384615,1.302325581,1.032786885,1.107142857,0.545454545,0.857142857,1.056179775,0.948717949,1.032786885,1.056179775,1,0.990654206,111109,116446,,5337,27043,81665,2401,0,84066,84066,,,0,252.36673,4491.74948,190.47547,0
2020,0.421052632,2.037037037,2.25,1.578947368,0.421052632,0.333333333,1.905405405,1.192982456,2.25,1.905405405,1.602150538,1.5625,114729,120626,,5897,64716,44947,5058,8,50005,50013,,,0,1565.87698,1639.70233,641.99599,0
2021,0.84375,1.052631579,2.192307692,1.544303797,0.701149425,,,,2.192307692,1.912568306,1.522222222,,127586,138350,,10763,48993,74393,4201,0,78594,78594,,,0,591.3828,6651.59364,248.37802,0
2022,0.38028169,0.857142857,1.191011236,,,,,,1.191011236,1.125,1.125,,,,,,,,,,,,,,0,0,5347.36263,992.83332,0
,,,,,,,,,,,,,,,,,,,,,,,,,,,,,
,,,,,,,,,,,,,,,,,,,,,,,,,,,,,
,,,,,,,,,,,,,,,,,,,,,,,,,,,,,
,,,,,,,,,,,,,,,,,,,,,,,,,,,,,
,,,,,,,,,,,,,,,,,,,,,,,,,,,,,
,,,,,,,,,,,,,,,,,,,,,,,,,,,,,
,,,,,,,,,,,,,,,,,,,,,,,,,,,,,
,,,,,,,,,,,,,,,,,,,,,,,,,,,,,
,,,,,,,,,,,,,,,,,,,,,,,,,,,,,
,,,,,,,,,,,,,,,,,,,,,,,,,,,,,
,,,,,,,,,,,,,,,,,,,,,,,,,,,,,
,,,,,,,,,,,,,,,,,,,,,,,,,,,,,
,,,,,,,,,,,,,,,,,,,,,,,,,,,,,
,,,,,,,,,,,,,,,,,,,,,,,,,,,,,
,,,,,,,,,,,,,,,,,,,,,,,,,,,,,
,,,,,,,,,,,,,,,,,,,,,,,,,,,,,
,,,,,,,,,,,,,,,,,,,,,,,,,,,,,
,,,,,,,,,,,,,,,,,,,,,,,,,,,,,
,,,,,,,,,,,,,,,,,,,,,,,,,,,,,
,,,,,,,,,,,,,,,,,,,,,,,,,,,,,
,,,,,,,,,,,,,,,,,,,,,,,,,,,,,
,,,,,,,,,,,,,,,,,,,,,,,,,,,,,
,,,,,,,,,,,,,,,,,,,,,,,,,,,,,
,,,,,,,,,,,,,,,,,,,,,,,,,,,,,
,,,,,,,,,,,,,,,,,,,,,,,,,,,,,
,,,,,,,,,,,,,,,,,,,,,,,,,,,,,
,,,,,,,,,,,,,,,,,,,,,,,,,,,,,
,,,,,,,,,,,,,,,,,,,,,,,,,,,,,
,,,,,,,,,,,,,,,,,,,,,,,,,,,,,
,,,,,,,,,,,,,,,,,,,,,,,,,,,,,
,,,,,,,,,,,,,,,,,,,,,,,,,,,,,
,,,,,,,,,,,,,,,,,,,,,,,,,,,,,
,,,,,,,,,,,,,,,,,,,,,,,,,,,,,
,,,,,,,,,,,,,,,,,,,,,,,,,,,,,
,,,,,,,,,,,,,,,,,,,,,,,,,,,,,
,,,,,,,,,,,,,,,,,,,,,,,,,,,,,
,,,,,,,,,,,,,,,,,,,,,,,,,,,,,
,,,,,,,,,,,,,,,,,,,,,,,,,,,,,
,,,,,,,,,,,,,,,,,,,,,,,,,,,,,
,,,,,,,,,,,,,,,,,,,,,,,,,,,,,
,,,,,,,,,,,,,,,,,,,,,,,,,,,,,
,,,,,,,,,,,,,,,,,,,,,,,,,,,,,
,,,,,,,,,,,,,,,,,,,,,,,,,,,,,
,,,,,,,,,,,,,,,,,,,,,,,,,,,,,
,,,,,,,,,,,,,,,,,,,,,,,,,,,,,
,,,,,,,,,,,,,,,,,,,,,,,,,,,,,
,,,,,,,,,,,,,,,,,,,,,,,,,,,,,
,,,,,,,,,,,,,,,,,,,,,,,,,,,,,
,,,,,,,,,,,,,,,,,,,,,,,,,,,,,
,,,,,,,,,,,,,,,,,,,,,,,,,,,,,
,,,,,,,,,,,,,,,,,,,,,,,,,,,,,
,,,,,,,,,,,,,,,,,,,,,,,,,,,,,
,,,,,,,,,,,,,,,,,,,,,,,,,,,,,
,,,,,,,,,,,,,,,,,,,,,,,,,,,,,
,,,,,,,,,,,,,,,,,,,,,,,,,,,,,
,,,,,,,,,,,,,,,,,,,,,,,,,,,,,
,,,,,,,,,,,,,,,,,,,,,,,,,,,,,
,,,,,,,,,,,,,,,,,,,,,,,,,,,,,
,,,,,,,,,,,,,,,,,,,,,,,,,,,,,
,,,,,,,,,,,,,,,,,,,,,,,,,,,,,
,,,,,,,,,,,,,,,,,,,,,,,,,,,,,
,,,,,,,,,,,,,,,,,,,,,,,,,,,,,
,,,,,,,,,,,,,,,,,,,,,,,,,,,,,
,,,,,,,,,,,,,,,,,,,,,,,,,,,,,
,,,,,,,,,,,,,,,,,,,,,,,,,,,,,
,,,,,,,,,,,,,,,,,,,,,,,,,,,,,
,,,,,,,,,,,,,,,,,,,,,,,,,,,,,
,,,,,,,,,,,,,,,,,,,,,,,,,,,,,
,,,,,,,,,,,,,,,,,,,,,,,,,,,,,
,,,,,,,,,,,,,,,,,,,,,,,,,,,,,
,,,,,,,,,,,,,,,,,,,,,,,,,,,,,
,,,,,,,,,,,,,,,,,,,,,,,,,,,,,
,,,,,,,,,,,,,,,,,,,,,,,,,,,,,
,,,,,,,,,,,,,,,,,,,,,,,,,,,,,
,,,,,,,,,,,,,,,,,,,,,,,,,,,,,
,,,,,,,,,,,,,,,,,,,,,,,,,,,,,
,,,,,,,,,,,,,,,,,,,,,,,,,,,,,
,,,,,,,,,,,,,,,,,,,,,,,,,,,,,
,,,,,,,,,,,,,,,,,,,,,,,,,,,,,
,,,,,,,,,,,,,,,,,,,,,,,,,,,,,
,,,,,,,,,,,,,,,,,,,,,,,,,,,,,
,,,,,,,,,,,,,,,,,,,,,,,,,,,,,
,,,,,,,,,,,,,,,,,,,,,,,,,,,,,
,,,,,,,,,,,,,,,,,,,,,,,,,,,,,
,,,,,,,,,,,,,,,,,,,,,,,,,,,,,
,,,,,,,,,,,,,,,,,,,,,,,,,,,,,
,,,,,,,,,,,,,,,,,,,,,,,,,,,,,
,,,,,,,,,,,,,,,,,,,,,,,,,,,,,
,,,,,,,,,,,,,,,,,,,,,,,,,,,,,
,,,,,,,,,,,,,,,,,,,,,,,,,,,,,
,,,,,,,,,,,,,,,,,,,,,,,,,,,,,
,,,,,,,,,,,,,,,,,,,,,,,,,,,,,
,,,,,,,,,,,,,,,,,,,,,,,,,,,,,
,,,,,,,,,,,,,,,,,,,,,,,,,,,,,
,,,,,,,,,,,,,,,,,,,,,,,,,,,,,
,,,,,,,,,,,,,,,,,,,,,,,,,,,,,
,,,,,,,,,,,,,,,,,,,,,,,,,,,,,
,,,,,,,,,,,,,,,,,,,,,,,,,,,,,
,,,,,,,,,,,,,,,,,,,,,,,,,,,,,
,,,,,,,,,,,,,,,,,,,,,,,,,,,,,
,,,,,,,,,,,,,,,,,,,,,,,,,,,,,
,,,,,,,,,,,,,,,,,,,,,,,,,,,,,
,,,,,,,,,,,,,,,,,,,,,,,,,,,,,
,,,,,,,,,,,,,,,,,,,,,,,,,,,,,
,,,,,,,,,,,,,,,,,,,,,,,,,,,,,
,,,,,,,,,,,,,,,,,,,,,,,,,,,,,
,,,,,,,,,,,,,,,,,,,,,,,,,,,,,
,,,,,,,,,,,,,,,,,,,,,,,,,,,,,
,,,,,,,,,,,,,,,,,,,,,,,,,,,,,
,,,,,,,,,,,,,,,,,,,,,,,,,,,,,
,,,,,,,,,,,,,,,,,,,,,,,,,,,,,
,,,,,,,,,,,,,,,,,,,,,,,,,,,,,
,,,,,,,,,,,,,,,,,,,,,,,,,,,,,
,,,,,,,,,,,,,,,,,,,,,,,,,,,,,
,,,,,,,,,,,,,,,,,,,,,,,,,,,,,
,,,,,,,,,,,,,,,,,,,,,,,,,,,,,
,,,,,,,,,,,,,,,,,,,,,,,,,,,,,
,,,,,,,,,,,,,,,,,,,,,,,,,,,,,
,,,,,,,,,,,,,,,,,,,,,,,,,,,,,
,,,,,,,,,,,,,,,,,,,,,,,,,,,,,
,,,,,,,,,,,,,,,,,,,,,,,,,,,,,
,,,,,,,,,,,,,,,,,,,,,,,,,,,,,
,,,,,,,,,,,,,,,,,,,,,,,,,,,,,
,,,,,,,,,,,,,,,,,,,,,,,,,,,,,
,,,,,,,,,,,,,,,,,,,,,,,,,,,,,
,,,,,,,,,,,,,,,,,,,,,,,,,,,,,
,,,,,,,,,,,,,,,,,,,,,,,,,,,,,
,,,,,,,,,,,,,,,,,,,,,,,,,,,,,
,,,,,,,,,,,,,,,,,,,,,,,,,,,,,
,,,,,,,,,,,,,,,,,,,,,,,,,,,,,
,,,,,,,,,,,,,,,,,,,,,,,,,,,,,
,,,,,,,,,,,,,,,,,,,,,,,,,,,,,
,,,,,,,,,,,,,,,,,,,,,,,,,,,,,
,,,,,,,,,,,,,,,,,,,,,,,,,,,,,
,,,,,,,,,,,,,,,,,,,,,,,,,,,,,
,,,,,,,,,,,,,,,,,,,,,,,,,,,,,
,,,,,,,,,,,,,,,,,,,,,,,,,,,,,
,,,,,,,,,,,,,,,,,,,,,,,,,,,,,
,,,,,,,,,,,,,,,,,,,,,,,,,,,,,
,,,,,,,,,,,,,,,,,,,,,,,,,,,,,
,,,,,,,,,,,,,,,,,,,,,,,,,,,,,
,,,,,,,,,,,,,,,,,,,,,,,,,,,,,
,,,,,,,,,,,,,,,,,,,,,,,,,,,,,
,,,,,,,,,,,,,,,,,,,,,,,,,,,,,
,,,,,,,,,,,,,,,,,,,,,,,,,,,,,
,,,,,,,,,,,,,,,,,,,,,,,,,,,,,
,,,,,,,,,,,,,,,,,,,,,,,,,,,,,
,,,,,,,,,,,,,,,,,,,,,,,,,,,,,
,,,,,,,,,,,,,,,,,,,,,,,,,,,,,
,,,,,,,,,,,,,,,,,,,,,,,,,,,,,
,,,,,,,,,,,,,,,,,,,,,,,,,,,,,
,,,,,,,,,,,,,,,,,,,,,,,,,,,,,
,,,,,,,,,,,,,,,,,,,,,,,,,,,,,
,,,,,,,,,,,,,,,,,,,,,,,,,,,,,
,,,,,,,,,,,,,,,,,,,,,,,,,,,,,
,,,,,,,,,,,,,,,,,,,,,,,,,,,,,
